iteration	timestamp	model	run_id	decision	commit	summary	findings
1	2026-03-19T20:07:22+00:00	gpt-5.4	pgolf_0001	keep	76959e3c0a42e01be1e2f2b8be103518f8002a82	Bootstrap baseline run is trustworthy and usable as the initial reference metric.	Remote log shows a clean run on commit 76959e3c0a42e01be1e2f2b8be103518f8002a82 with stable completion under the 600s wallclock cap, exact final metric lines (val_bpb=2.34674946 val_loss=3.96238816), and matching submission size (7013200 bytes). No candidate patch was applied, which is correct for a baseline run. results.tsv and reviews.tsv are empty because this is the first bootstrap baseline. failure.json is stale/inconsistent and cites an older commit plus a missing-metric error that is contradicted by remote_logs/pgolf_0001.log; this appears to be controller bookkeeping noise rather than evidence that the run itself is invalid.
2	2026-03-19T20:45:32+00:00	gpt-5.4	pgolf_0002	revert	a7df7b7813268827ec2c2e6efba191a1f7422016	Revert: the observed metric gain is not trustworthy enough to keep because this scheduler-only patch ran far more measured steps within the same 600s budget than the prior kept baseline, so the comparison is materially confounded.	Remote log confirms commit a7df7b7813268827ec2c2e6efba191a1f7422016 with LR_WARMUP_STEPS=100 and a clean final metric line plus matching size_bytes=8325673, but the run reached step 355 at 600.9s while the kept baseline only reached step 160 at 600.4s under the same nominal budget and batch settings. That 2.2x throughput jump is not credibly explained by adding a learning-rate warmup multiplier, so the large val_bpb improvement from 2.34674946 to 1.60050317 is not an apples-to-apples result and is likely dominated by cache/warm-state or harness effects rather than the claimed algorithmic change. The early-loss pattern does match the hypothesis qualitatively, but because wallclock-limited training length changed so drastically, the evidence is insufficient to retain the commit. The stale failure.json is inconsistent with the actual successful log and looks like controller bookkeeping noise, not the reason for revert.
3	2026-03-19T21:22:20+00:00	gpt-5.4	pgolf_0003	keep	a78be055eb9f412001d1dc9f276931ebdb9997e4	Keep: this run shows a large, trustworthy export-quality improvement over the best prior kept result, with final_int8_zlib_roundtrip_exact val_bpb improving from 2.34674946 to 1.59717652 and val_loss improving from 3.96238816 to 2.69676566 while staying within the size cap at 10518135 bytes.	The remote log cleanly matches experiment commit a78be055eb9f412001d1dc9f276931ebdb9997e4 and the intended env override INT8_KEEP_FLOAT_LARGE_NAME_PATTERNS=c_v.weight. Unlike the confounded scheduler run in pgolf_0002, this run reached step 356 at 600273ms versus step 355 at 600907ms in pgolf_0002, so training throughput is effectively unchanged and the comparison is not explained by extra wallclock-limited optimization. The patch is a narrow export-only change in quantize_state_dict_int8, and the serialized payload increase is exactly 1175040 bytes, which is 9 x 130560 bytes and therefore matches the pre-review expectation for preserving exactly nine c_v.weight tensors in fp16 rather than a broader unintended match. The final exact round-trip metric is slightly better than pgolf_0002 as well (val_bpb 1.59717652 vs 1.60050317) despite nearly identical training progress, which is the expected signature of a quantization/export improvement. failure.json in the run manifest is stale controller noise and contradicts the successful remote log, as in prior iterations, so it should not be treated as evidence against the run.
4	2026-03-19T21:37:34+00:00	gpt-5.4	pgolf_0004	revert	f540c8d47b3c258af0c7f9fe327fd0d131d5d735	Revert: this run appears trustworthy, but it does not improve on the best prior kept result. The final exact round-trip metric regressed from 1.59717652 to 1.59981867 val_bpb and from 2.69676566 to 2.70122682 val_loss, so the change should not be kept on metric quality grounds.	The remote log cleanly matches experiment commit f540c8d47b3c258af0c7f9fe327fd0d131d5d735 with the intended env override INT8_CLIP_PERCENTILE_OVERRIDES=.attn.proj.weight:99.99995, and the serializer reports clip_override_tensors:9 exactly as hypothesized. Trustworthiness looks good: the run reached step 356 at 600924ms, essentially identical training progress to the kept export-only prior pgolf_0003, so the comparison is not explained by extra optimization time or a harness mismatch. Submission size dropped to 9052147 bytes from 10518135 bytes in pgolf_0003, confirming the intended benefit of staying int8 instead of preserving tensors in fp16, but the metric outcome is still worse than the best kept result by about 0.00264 val_bpb and 0.00446 val_loss. Because the result is a modest but real regression on the primary quality metric and the remaining size headroom was already ample, this does not meet the bar for a clearly worthwhile retained change. As in prior iterations, failure.json is stale controller noise and contradicts the successful remote log plus metrics.json, so it should not be treated as evidence against the run.
5	2026-03-19T21:53:38+00:00	gpt-5.4	pgolf_0005	revert	78d09bcdc787380c998c5e4fed07031a582ddd32	Revert: this export-only run appears trustworthy, but it does not improve on the best prior kept result. The exact final round-trip metric is marginally worse than pgolf_0003, with val_bpb moving from 1.59717652 to 1.59717773 and val_loss from 2.69676566 to 2.69676769, so it does not clear the bar for retention.	The remote log cleanly matches experiment commit 78d09bcdc787380c998c5e4fed07031a582ddd32 and the intended env INT8_KEEP_FLOAT_LARGE_NAME_PATTERNS=c_v.weight INT8_FP32_SCALE_NAME_PATTERNS=tok_emb.weight. Trustworthiness looks good: because this is an export-only ablation, training progress should match the kept prior, and it does, reaching step 356 at 601087ms versus step 356 at 600273ms in pgolf_0003, so the result is not explained by extra optimization time or a harness mismatch. Size also stayed essentially flat, dropping slightly from 10518135 to 10515314 bytes, which is small enough to treat as serialization or compression variance rather than a meaningful payload change. The hypothesis was that fp32 tok_emb.weight scales would reduce remaining round-trip error at negligible byte cost, but the observed exact metric moved in the wrong direction, albeit by only about 0.00000121 val_bpb. Given the instruction to keep only real improvements or clearly worthwhile retained changes, this tiny regression is not enough to keep the commit. As in prior iterations, failure.json is stale controller bookkeeping noise that contradicts the successful remote log and metrics.json, so it should not be treated as evidence against the run itself.
6	2026-03-19T22:08:47+00:00	gpt-5.4	pgolf_0006	revert	bebff8af3933aedb89a0975655e0ce1bcf363fb8	Revert: this export-only run appears trustworthy, but it does not improve on the best prior kept result. The final exact round-trip metric regressed from 1.59717652 to 1.59771380 val_bpb and from 2.69676566 to 2.69767282 val_loss, so the change should not be kept on metric quality grounds.	The remote log cleanly matches experiment commit bebff8af3933aedb89a0975655e0ce1bcf363fb8 with the intended env INT8_KEEP_FLOAT_LARGE_NAME_PATTERNS=c_v.weight INT8_FP32_SCALE_NAME_PATTERNS=.attn.proj.weight, and the serializer reports the expected Int8 scale storage fp32_tensors:9 and fp32_bytes:18432 from pre-review. Trustworthiness looks good: because this is an export-only ablation, training progress should stay in-family with pgolf_0003, and it does, reaching step 356 at 600616ms versus step 356 at 600273ms in the kept prior, so the comparison is not explained by extra optimization time or a harness mismatch. Submission size also stayed essentially flat, moving from 10518135 bytes in pgolf_0003 to 10516481 bytes here, which is negligible and does not offset the worse exact final metric. The hypothesis was that fp32 per-row scales for the 9 attn.proj.weight tensors would reduce remaining round-trip error at near-zero byte cost, but the observed exact metric moved the wrong way by about 0.00053728 val_bpb and 0.00090716 val_loss. As in prior runs, failure.json is stale controller bookkeeping noise and contradicts the successful remote log and metrics.json, so it should not be treated as evidence against the run itself.
7	2026-03-19T22:32:09+00:00	gpt-5.4	pgolf_0007	revert	a0b1e4ba97b99cabf94bcdbcc6d03ae4883570c6	Revert: the run looks trustworthy, but it regresses the best prior kept result on the primary exact round-trip metric. Against kept pgolf_0003, final_int8_zlib_roundtrip_exact moved from val_bpb 1.59717652 / val_loss 2.69676566 at 10518135 bytes to val_bpb 1.59829596 / val_loss 2.69865577 at 10589129 bytes, so this row-rescue sidecar is not a real improvement worth keeping.	The remote log cleanly matches experiment commit a0b1e4ba97b99cabf94bcdbcc6d03ae4883570c6 with the intended env INT8_KEEP_FLOAT_LARGE_NAME_PATTERNS=c_v.weight INT8_ROW_RESCUE_NAME_PATTERNS=.attn.proj.weight INT8_ROW_RESCUE_TOPK=8. The serializer produced the expected validation signal Int8 row rescue: tensors:9 rows:72 payload_bytes:73872 topk:8, so the implementation appears to have targeted the intended 9 attention projection tensors and added the expected small sidecar. Trustworthiness is good overall because this is an export-only ablation and training progress stayed in-family with the kept pgolf_0003 baseline: pgolf_0007 stopped at step 355 / 600316ms versus pgolf_0003 at step 356 / 600273ms, which is close enough that the comparison is not explained by extra optimization time or harness drift. Despite that, the final exact metric is worse in both fields and size also increased by 70994 bytes, so the observed outcome falsifies the hypothesis rather than providing a clearly worthwhile tradeoff. The stale failure.json in the run manifest incorrectly claims a missing final metric line and cites baseline metadata, but it is contradicted by remote_logs/pgolf_0007.log and metrics.json and should be treated as controller bookkeeping noise, not as evidence against the run itself.
8	2026-03-19T23:00:30+00:00	gpt-5.4	pgolf_0008	error	9786a0d65516d2b6e606aa4cdf06ca45659898ca	experiment failed	missing final metric line in /root/parameter-golf/remote_logs/pgolf_0008.log
9	2026-03-19T23:21:44+00:00	gpt-5.4	pgolf_0009	keep	9c2d2fe20ac81d1610f990f9d745677005463791	Keep: this export-only run appears trustworthy and delivers a real improvement over the best prior kept result. final_int8_zlib_roundtrip_exact improved from val_bpb 1.59717652 / val_loss 2.69676566 in pgolf_0003 to val_bpb 1.59373798 / val_loss 2.69095981 here, while remaining well under the size cap at 10891835 bytes.	The remote log cleanly matches experiment commit 9c2d2fe20ac81d1610f990f9d745677005463791 with the intended env INT8_KEEP_FLOAT_LARGE_NAME_PATTERNS=c_v.weight INT8_AUTO_KEEP_FLOAT_NAME_PATTERNS=tok_emb.weight,.attn.proj.weight. Trustworthiness is good: this is a serializer-only ablation and training progress stayed effectively identical to the kept pgolf_0003 baseline, reaching step 356 at 600874ms versus step 356 at 600273ms in pgolf_0003, so the better result is not explained by extra wallclock-limited optimization or a harness mismatch. The required selector audit signals are present and internally consistent: Int8 auto-keep selector logged candidates:10, selected:blocks.0.attn.proj.weight, and a positive estimated_gain:0.16920036; Int8 auto-keep bytes logged large_tensors:9, selected_tensors:1, and selected_extra_payload:261120, which is consistent with rescuing exactly one additional tensor on top of the existing nine c_v.weight passthrough tensors. The final exact round-trip metric improved by 0.00343854 val_bpb and 0.00580585 val_loss versus the best prior kept run, which is materially larger than the near-zero deltas seen in recent reverted export-only ablations, while the size increase of 373700 bytes versus pgolf_0003 is modest and still leaves ample headroom under the 16000000-byte cap. As in prior iterations, failure.json in the run manifest is stale controller bookkeeping noise that incorrectly reports a missing final metric line and baseline metadata; it is contradicted by remote_logs/pgolf_0009.log and metrics.json and should not be treated as evidence against the run.
10	2026-03-19T23:48:28+00:00	gpt-5.4	pgolf_0010	revert	22db439eebe0e70ed930b16da93ba87a16681dab	Revert: pgolf_0010 looks trustworthy, but it does not improve on the best prior kept result. Against kept pgolf_0009, final_int8_zlib_roundtrip_exact regressed from val_bpb 1.59373798 / val_loss 2.69095981 at 10891835 bytes to val_bpb 1.59591532 / val_loss 2.69463617 at 11260966 bytes, so this top-k auto-keep expansion is not a worthwhile retained change.	The remote log cleanly matches experiment commit 22db439eebe0e70ed930b16da93ba87a16681dab and the intended env INT8_KEEP_FLOAT_LARGE_NAME_PATTERNS=c_v.weight INT8_AUTO_KEEP_FLOAT_NAME_PATTERNS=tok_emb.weight,.attn.proj.weight INT8_AUTO_KEEP_FLOAT_TOPK=2. Trustworthiness is good: this is still a serializer-only ablation and training progress stayed in-family with the kept pgolf_0009 run, stopping at step 355 / 601577ms versus step 356 / 600874ms in pgolf_0009, so the worse result is not explained by extra optimization time or a harness mismatch. The new audit signals also match the hypothesis mechanically: Int8 auto-keep selector logged candidates:10, topk:2, selected_tensors:2, and selected names blocks.0.attn.proj.weight,blocks.1.attn.proj.weight, while Int8 auto-keep bytes logged selected_extra_payload:522240, exactly consistent with two added passthrough tensors over their quantized payloads. But the outcome moved the wrong way on both primary metrics, with val_bpb worsening by 0.00217734 and val_loss by 0.00367636 versus pgolf_0009, while size also increased by 369131 bytes. That combination falsifies the hypothesis rather than showing a real improvement worth keeping.
11	2026-03-20T00:21:34+00:00	gpt-5.4	pgolf_0011	revert	51d8129bf83145e480bda9eca9f48601ca01f0b1	Revert: pgolf_0011 appears trustworthy, but it does not improve on the best prior kept result. Against kept pgolf_0009, final_int8_zlib_roundtrip_exact regressed from val_bpb 1.59373798 / val_loss 2.69095981 at 10891835 bytes to val_bpb 1.59510212 / val_loss 2.69326311 at 10892660 bytes, so this candidate-family expansion is not a worthwhile retained change.	The remote log cleanly matches experiment commit 51d8129bf83145e480bda9eca9f48601ca01f0b1 and the intended env INT8_KEEP_FLOAT_LARGE_NAME_PATTERNS=c_v.weight INT8_AUTO_KEEP_FLOAT_NAME_PATTERNS=tok_emb.weight,.attn.proj.weight,.attn.c_k.weight INT8_AUTO_KEEP_FLOAT_LOG_TOPK=5, while metrics.json matches the final exact metric line and size_bytes exactly. Trustworthiness looks good because this remains a serializer-only ablation and training progress stayed in-family with kept pgolf_0009, stopping at step 355 / 600014ms versus step 356 / 600874ms in pgolf_0009, so the worse result is not explained by extra optimization time or a harness mismatch. The new audit signals are present and internally consistent: Int8 auto-keep selector logged candidates:19 with selected:blocks.0.attn.proj.weight, the top-candidates summary lists only .attn.proj.weight tensors in the top 5, and Submission size headroom reported cap:16000000 used:10892660 remaining:5107340, confirming the intended family expansion was exercised and the size cap remained non-binding. But the expanded-family hypothesis is falsified by the outcome and by the audit trail: no .attn.c_k.weight tensor outranked the incumbent family on estimated gain, the selector still chose the same kind of tensor as pgolf_0009, and final exact round-trip quality worsened by 0.00136414 val_bpb and 0.00230330 val_loss with essentially unchanged size. That is not a real improvement worth keeping.
12	2026-03-20T01:29:11+00:00	gpt-5.4	pgolf_0012	revert	5dd7b938ae3d6c33fbdc97abf88e09115b3705ab	Revert: pgolf_0012 looks trustworthy, but it does not improve on the best prior kept result. Against kept pgolf_0009, final_int8_zlib_roundtrip_exact regressed from val_bpb 1.59373798 / val_loss 2.69095981 at 10891835 bytes to val_bpb 1.59687908 / val_loss 2.69626343 at 11365971 bytes, so this selected-tensor float32 storage override is not a worthwhile retained change.	The remote log cleanly matches experiment commit 5dd7b938ae3d6c33fbdc97abf88e09115b3705ab and the intended env INT8_KEEP_FLOAT_LARGE_NAME_PATTERNS=c_v.weight INT8_AUTO_KEEP_FLOAT_NAME_PATTERNS=tok_emb.weight,.attn.proj.weight INT8_AUTO_KEEP_FLOAT_SELECTED_STORE_DTYPE=float32, while metrics.json matches the final exact metric line and size_bytes exactly. Trustworthiness looks good because this remains a serializer-only ablation and training progress stayed in-family with kept pgolf_0009, stopping at step 354 / 600362ms versus step 356 / 600874ms in pgolf_0009, so the worse result is not explained by extra optimization time or a harness mismatch. The audit signals also match the approved expectation: Int8 auto-keep selector logged candidates:10, selected:blocks.0.attn.proj.weight, selector_scoring_dtype:float16, and selected_dtype:float32, while Int8 auto-keep bytes logged selected_tensors:1 with selector_scoring_payload:524288, selected_payload:1048576, selector_scoring_extra_payload:261120, and selected_extra_payload:785408, which is internally consistent with upgrading exactly one selected tensor from fp16-scored storage to actual fp32 storage. But the hypothesis is falsified by the primary outcome: compared with kept pgolf_0009, exact round-trip quality worsened by 0.00314110 val_bpb and 0.00530362 val_loss while size also increased by 474136 bytes. Because the evidence is trustworthy yet the metric moved materially in the wrong direction, this change should be reverted rather than kept.
13	2026-03-20T02:37:47+00:00	gpt-5.4	pgolf_0013	keep	d663132983c8a2165d7bd9f4a3c9fbfa9d15eb07	Keep: pgolf_0013 looks trustworthy and delivers a modest but real improvement over the best prior kept result. final_int8_zlib_roundtrip_exact improved from val_bpb 1.59373798 / val_loss 2.69095981 in pgolf_0009 to val_bpb 1.59305001 / val_loss 2.68979822 here, while remaining comfortably under the 16000000-byte cap at 11284853 bytes.	The remote log cleanly matches experiment commit d663132983c8a2165d7bd9f4a3c9fbfa9d15eb07 and the intended env INT8_KEEP_FLOAT_LARGE_NAME_PATTERNS=c_v.weight INT8_AUTO_KEEP_FLOAT_NAME_PATTERNS=tok_emb.weight,.attn.proj.weight,.mlp.proj.weight INT8_AUTO_KEEP_FLOAT_LOG_TOPK=5, and metrics.json matches the final exact metric line and size_bytes exactly. Trustworthiness is good because this remains a serializer-only ablation and training progress stayed in-family with kept pgolf_0009, stopping at step 353 / 600926ms versus step 356 / 600874ms in pgolf_0009, so the better result is not explained by extra wallclock-limited optimization; if anything, it won with slightly fewer training steps. The expected audit signals are present and internally consistent: Int8 auto-keep selector logged candidates:19, selected:blocks.0.mlp.proj.weight, estimated_gain:0.23161432, and the top-candidates summary is dominated by .mlp.proj.weight tensors, which directly supports the family-expansion hypothesis rather than merely reproducing the prior attn.proj winner. Int8 auto-keep bytes logged selected_tensors:1 with selected_payload:1048576, selected_quantized_payload:525312, and selected_extra_payload:523264, which is internally consistent with rescuing exactly one MLP projection tensor; Submission size headroom reported cap:16000000 used:11284853 remaining:4715147, so the larger tensor still leaves ample slack. The metric gain versus kept pgolf_0009 is modest but directionally consistent on both primary metrics, improving by 0.00068797 val_bpb and 0.00116159 val_loss, and unlike the previously reverted family-expansion runs this one both changes the selected tensor family and improves the exact round-trip outcome. That clears the bar for a real retained improvement.
14	2026-03-20T03:27:11+00:00	gpt-5.4	pgolf_0014	keep	5c580b36d0508adf634348e88d4ec19fd26f67bd	Keep: pgolf_0014 looks trustworthy and delivers a clear improvement over the best prior kept result. final_int8_zlib_roundtrip_exact improved from val_bpb 1.59305001 / val_loss 2.68979822 in pgolf_0013 to val_bpb 1.58718007 / val_loss 2.67988706 here, while remaining comfortably under the 16000000-byte cap at 11300604 bytes.	The remote log cleanly matches experiment commit 5c580b36d0508adf634348e88d4ec19fd26f67bd and the intended env INT8_KEEP_FLOAT_LARGE_NAME_PATTERNS=c_v.weight INT8_AUTO_KEEP_FLOAT_NAME_PATTERNS=tok_emb.weight,.attn.proj.weight,.mlp.proj.weight INT8_AUTO_KEEP_FLOAT_LOG_TOPK=5 INT8_FP32_SCALE_NAME_PATTERNS=.mlp.proj.weight, and metrics.json matches the final exact metric line and size_bytes exactly. Trustworthiness is good because this remains a serializer-only ablation and training progress stayed in-family with the kept pgolf_0013 run, reaching step 358 at 600686ms versus step 353 at 600926ms in pgolf_0013, so the improvement is not explained by a throughput collapse or other wallclock mismatch. The key audit signals from pre-review all match: Int8 auto-keep selector still chose blocks.0.mlp.proj.weight, the top-candidate shortlist is again dominated by .mlp.proj.weight tensors, and Int8 scale storage reported fp32_tensors:8 and fp32_bytes:16384 exactly as expected for the eight still-quantized MLP projection matrices after one is auto-kept. Size behavior is also consistent with the hypothesis: total submission size increased only slightly from 11284853 bytes in pgolf_0013 to 11300604 bytes here, a delta of 15751 bytes that is close to the expected tiny fp32-scale overhead and still leaves 4699396 bytes of headroom. The primary outcome is directionally strong on both metrics, improving by 0.00586994 val_bpb and 0.00991116 val_loss versus the best prior kept result, which is substantially larger than the modest-but-real gain that justified keeping pgolf_0013. No log evidence suggests evaluation mismatch, unintended selector drift, or another reason to discount the result.
15	2026-03-20T03:59:03+00:00	gpt-5.4	pgolf_0015	revert	e6486c612a0f7114e5c5e99bc44a7571f73b318a	Revert: pgolf_0015 appears trustworthy, but it does not improve on the best prior kept result. final_int8_zlib_roundtrip_exact regressed from val_bpb 1.58718007 / val_loss 2.67988706 in pgolf_0014 to val_bpb 1.59015385 / val_loss 2.68490817 here, so this kept-float bfloat16 storage override is not a worthwhile retained change.	The remote log cleanly matches experiment commit e6486c612a0f7114e5c5e99bc44a7571f73b318a and the intended env INT8_KEEP_FLOAT_LARGE_NAME_PATTERNS=c_v.weight INT8_AUTO_KEEP_FLOAT_NAME_PATTERNS=tok_emb.weight,.attn.proj.weight,.mlp.proj.weight INT8_AUTO_KEEP_FLOAT_LOG_TOPK=5 INT8_FP32_SCALE_NAME_PATTERNS=.mlp.proj.weight INT8_KEEP_FLOAT_DTYPE_OVERRIDES=c_v.weight:bfloat16, while metrics.json matches the final exact metric line and size_bytes exactly. Trustworthiness looks good because this remains a serializer-only ablation and training progress stayed in-family with kept pgolf_0014, reaching step 356 at 600999ms versus step 358 at 600686ms in pgolf_0014, so the worse result is not explained by extra optimization time or a harness mismatch. The expected audit signals are present and internally consistent: Int8 auto-keep selector still chose blocks.0.mlp.proj.weight with candidates:19, Int8 scale storage still reported fp32_tensors:8 and fp32_bytes:16384, and Kept float storage reported override_tensors:9. The byte field there is 2359296 rather than the candidate manifest's expected 1175040, which likely reflects logging actual kept-float payload bytes after switching those nine tensors from float16 to bfloat16-backed torch storage rather than the prior fp16-specific expectation; importantly, the total submission size moved only modestly from 11300604 in pgolf_0014 to 10997671 here, so there is no sign of a broken export path. But the core hypothesis is falsified by the primary metric outcome: exact round-trip quality worsened by 0.00297378 val_bpb and 0.00502111 val_loss versus the best kept result. With a trustworthy export-only comparison and a clear regression on the main metric, this change should be reverted.
16	2026-03-20T04:20:25+00:00	gpt-5.4	pgolf_0016	revert	d7e55101da315709588c23de9ad3c1b5843742d2	Revert: pgolf_0016 looks trustworthy, but it does not improve on the best prior kept result. The approved one-tensor storage-only ablation appears to have executed as intended, yet final_int8_zlib_roundtrip_exact regressed from val_bpb 1.58718007 / val_loss 2.67988706 in pgolf_0014 to val_bpb 1.58819762 / val_loss 2.68160516 here, so this kept-float bfloat16 override for the selected .mlp.proj.weight tensor is not a worthwhile retained change.	The remote log cleanly matches experiment commit d7e55101da315709588c23de9ad3c1b5843742d2 and the intended env INT8_KEEP_FLOAT_LARGE_NAME_PATTERNS=c_v.weight INT8_AUTO_KEEP_FLOAT_NAME_PATTERNS=tok_emb.weight,.attn.proj.weight,.mlp.proj.weight INT8_AUTO_KEEP_FLOAT_LOG_TOPK=5 INT8_FP32_SCALE_NAME_PATTERNS=.mlp.proj.weight INT8_KEEP_FLOAT_DTYPE_OVERRIDES=.mlp.proj.weight:bfloat16, while metrics.json matches the final exact metric line and size_bytes exactly. The trustworthiness checks requested in pre-review all pass: Int8 auto-keep selector logged candidates:19, selected:blocks.0.mlp.proj.weight, selector_scoring_dtype:float16, and selected_storage_dtype:bfloat16; Kept float storage logged override_tensors:1, override_bytes:1048576, and override_summary:bfloat16:1; Int8 scale storage stayed at fp32_tensors:8 and fp32_bytes:16384; and total submission size remained in-family at 11168502 bytes, comfortably under the 16000000-byte cap. Because this is a serializer-only ablation and the audit trail matches the claimed isolated comparison, there is no strong reason to discount the result as untrustworthy. But the primary outcome falsifies the hypothesis: compared with the best prior kept run pgolf_0014, exact round-trip quality worsened by 0.00101755 val_bpb and 0.00171810 val_loss. That is a real regression on the main metric, so the change should be reverted rather than kept.
17	2026-03-20T04:24:15+00:00	gpt-5.4	pgolf_0017	error	c8f34cd6520bcbe03e95e4f8387eff448af42eec	experiment failed	missing final metric line in /root/parameter-golf/remote_logs/pgolf_0017.log
18	2026-03-20T05:00:00+00:00	gpt-5.4	pgolf_0018	revert	6fb6c590f9fed1123df44b1a90156aefeef2cd20	Revert: pgolf_0018 executed the approved full-export-state selector audit cleanly, but it did not improve on the best prior kept result and it falsified the intended mechanism by selecting the same auto-kept tensor as pgolf_0014.	The remote log cleanly matches experiment commit 6fb6c590f9fed1123df44b1a90156aefeef2cd20 and shows the new audit fields requested in pre-review: `Int8 auto-keep selector` reports `scorer:full_export_state_v1`, `candidates:19`, and `selected:blocks.0.mlp.proj.weight`, while `Int8 auto-keep full-state audit` reports `baseline_fp32_tensors:9` and `selected_fp32_tensors:8`, which is internally consistent with the current serializer path. Trustworthiness is acceptable because this remains a serializer-only change and training stayed in-family with the prior kept run, stopping at step 356 / 600527ms versus step 358 / 600686ms in pgolf_0014, so there is no obvious throughput or evaluation mismatch. But the key hypothesis was that scoring the full current export state would change the selected tensor away from pgolf_0014's `blocks.0.mlp.proj.weight` and improve export quality; instead, the selector still chose the same tensor, which pre-review explicitly flagged as a falsification/no-op case absent compelling contrary evidence. The primary outcome also regressed versus the best prior kept result: final_int8_zlib_roundtrip_exact moved from val_bpb 1.58718007 / val_loss 2.67988706 in pgolf_0014 to val_bpb 1.58941456 / val_loss 2.68365991 here, with submission size slightly worse as well (11306321 vs 11300604 bytes). With a falsified mechanism and worse final metrics, this change is not a worthwhile retained improvement and should be reverted.
19	2026-03-20T05:19:39+00:00	gpt-5.4	pgolf_0019	revert	92308c83c8f2b8cf9cacdf7eb87a3adcdd1f7105	Revert: pgolf_0019 does not improve on the best prior kept result, and one of the pre-review audit expectations for grouped-scale export did not match the observed log. The run completed cleanly and looks mechanically comparable to prior export-only runs, but final_int8_zlib_roundtrip_exact regressed from val_bpb 1.58718007 / val_loss 2.67988706 in pgolf_0014 to val_bpb 1.59063018 / val_loss 2.68571243 here, so this is not a worthwhile retained change.	The remote log cleanly matches experiment commit 92308c83c8f2b8cf9cacdf7eb87a3adcdd1f7105 and the intended env overrides, and metrics.json matches the final exact metric line and size_bytes exactly, so there is no sign of a missing-metric or bookkeeping failure. Trustworthiness is acceptable on throughput grounds because this remains a serializer-only ablation and training progress stayed in-family with the kept pgolf_0014 run, reaching step 355 at 600694ms versus step 358 at 600686ms in pgolf_0014, so the worse result is not explained by extra optimization time or a harness mismatch. Several key audit signals did hold: `Int8 auto-keep selector` reported `selector_path:baseline_fp16_per_row_v1`, `export_path:full_export_state_v1`, `grouped_scale_scoring:excluded`, `grouped_scale_candidate_matches:9`, and the selected tensor remained `blocks.0.mlp.proj.weight`, which is the expected causal-isolation pattern. However, the grouped-scale export counters did not match the pre-review expected values: the candidate manifest expected `Int8 grouped scale export` to show `tensors:8`, `scale_values:65536`, and `scale_bytes:262144`, but the actual log showed `tensors:8`, `scale_values:32768`, and `scale_bytes:131072`, with `Int8 scale storage` at `fp32_tensors:8 fp32_bytes:131072`. That mismatch means one requested audit check failed, so the run is weaker evidence for the specific grouped-scale-payload hypothesis than planned. Even setting that aside, the primary metric outcome is clearly worse than the best prior kept result: final_int8_zlib_roundtrip_exact moved from val_bpb 1.58718007 / val_loss 2.67988706 in pgolf_0014 to val_bpb 1.59063018 / val_loss 2.68571243 here, while total submission size was essentially unchanged at 11299055 bytes versus 11300604 bytes in pgolf_0014. With a regression on the main metric and an audit mismatch on the new grouped-scale path, this change should be reverted rather than kept.
20	2026-03-20T06:12:29+00:00	gpt-5.4	pgolf_0020	error	7472a6e90f2dae4e8b4917f53b2bcd9a2c9789c3	experiment failed	missing final metric line in /root/parameter-golf/remote_logs/pgolf_0020.log
21	2026-03-20T06:18:08+00:00	gpt-5.4	pgolf_0021	error	62ddf5b63518d3dbb0424f340a1a34498d535574	experiment failed	missing final metric line in /root/parameter-golf/remote_logs/pgolf_0021.log
22	2026-03-20T07:14:18+00:00	gpt-5.4	pgolf_0022	revert	4153b2715c2e574525a14178a25b10edcbf93e6b	Revert: pgolf_0022 appears trustworthy and the guarded row-mean export executed as intended, but it regressed versus the best prior kept result on the primary exact round-trip metric. final_int8_zlib_roundtrip_exact worsened from val_bpb 1.58718007 / val_loss 2.67988706 in pgolf_0014 to val_bpb 1.59204519 / val_loss 2.68810161 here, so this is not a clearly worthwhile retained change.	The remote log cleanly matches experiment commit 4153b2715c2e574525a14178a25b10edcbf93e6b and the intended env INT8_KEEP_FLOAT_LARGE_NAME_PATTERNS=c_v.weight INT8_AUTO_KEEP_FLOAT_NAME_PATTERNS=tok_emb.weight,.attn.proj.weight,.mlp.proj.weight INT8_AUTO_KEEP_FLOAT_LOG_TOPK=5 INT8_FP32_SCALE_NAME_PATTERNS=.mlp.proj.weight INT8_ROW_MEAN_NAME_PATTERNS=.mlp.proj.weight, while metrics.json matches the final exact metric line and size_bytes exactly. The trustworthiness checks from pre-review all pass: Int8 auto-keep selector still reported candidates:19 and selected:blocks.0.mlp.proj.weight; Int8 scale storage stayed at fp32_tensors:8 and fp32_bytes:16384; and Int8 row mean export reported exactly tensors:8, values:4096, bytes:8192, and format:int8_row_mean_guarded_v2, so the earlier schema-compatibility concern was addressed rather than silently overloaded under the old v1 format. Throughput also stayed in-family for an export-only ablation, with training stopping at step 354 / 600058ms versus step 358 / 600686ms in kept pgolf_0014, which is close enough that the worse result is not plausibly explained by a major wallclock mismatch. Submission size remained comfortably under the cap at 11307572 bytes, only 6968 bytes above pgolf_0014's 11300604. But the hypothesis is falsified on the primary outcome: final_int8_zlib_roundtrip_exact got worse by 0.00486512 val_bpb and 0.00821455 val_loss versus the best prior kept result. Because this is a trustworthy export-only comparison with a clear regression on the main metric, the change should be reverted rather than kept.
23	2026-03-20T08:02:51+00:00	gpt-5.4	pgolf_0023	revert	00c83ec00cbdbc8247f4e8114ae6f85ea48e9366	Revert: pgolf_0023 is a trustworthy audit-only run, but it does not justify keeping commit 00c83ec00cbdbc8247f4e8114ae6f85ea48e9366. The primary exact round-trip metric regressed versus the best prior kept result pgolf_0014, moving from val_bpb 1.58718007 / val_loss 2.67988706 at 11300604 bytes to val_bpb 1.59124586 / val_loss 2.68675198 at 11301034 bytes, and the new fp32-scale selector audit reported positive:0 with selected:none.	The remote log, metrics.json, candidate manifest, and run metadata are internally consistent: the run used the intended env for the bounded 19-tensor audit, stayed on commit 00c83ec, kept the existing pgolf_0014 export path intact, and produced matching final exact metrics and size_bytes. Trustworthiness looks acceptable because this remains a serializer-only comparison and training progress stayed in-family with the kept pgolf_0014 run (step 355 at 600513ms here versus step 358 at 600686ms in pgolf_0014), so the worse result is not plausibly explained by extra optimization time or a harness mismatch. More importantly, pre-review explicitly said this audit should only earn value if it surfaced a credible positive winner for a follow-up ablation; instead the key audit signal falsified the hypothesis: Int8 fp32-scale selector audit logged candidates:19, positive:0, selected:none, selected_extra_scale:0, and the top candidate tok_emb.weight had gain=0.00000000 while the remaining top entries were negative. Since the patch does not change the live serialized artifact and the audit found no strictly positive tensor to promote, there is no clearly worthwhile retained change here, and the accompanying metric movement is both in the wrong direction and not attributable to an improvement from the patch itself.
24	2026-03-20T08:18:36+00:00	gpt-5.4	pgolf_0024	revert	61c2f6f044db7cb9490e7fade77c78e5453a6cdf	Revert: pgolf_0024 is an internally consistent audit-only run, but it does not support keeping commit 61c2f6f044db7cb9490e7fade77c78e5453a6cdf. The primary exact round-trip metric regressed versus the best prior kept result pgolf_0014, moving from val_bpb 1.58718007 / val_loss 2.67988706 to val_bpb 1.58946790 / val_loss 2.68374997, and the new grouped-scale audit falsified the hypothesis with positive:0 and selected:none.	The run artifacts are internally consistent and broadly trustworthy as a comparison: the remote log ran on commit 61c2f6f044db7cb9490e7fade77c78e5453a6cdf with the candidate manifest env, metrics.json matches the final exact metric line and size_bytes exactly, the existing live export audits stayed stable (`Int8 auto-keep selector` still selected `blocks.0.mlp.proj.weight`, `Int8 scale storage` still reported `fp32_tensors:8` and `fp32_bytes:16384`), and training progress stayed in-family for this serializer-only experiment (`stopping_early: wallclock_cap` at step 357 / 601531ms). But the new evidence that was supposed to justify the change did not materialize: the bounded grouped-scale audit reported `group_size:128 candidates:19 positive:0 selected:none estimated_gain:0.00000000 extra_payload:0`, with top candidates all at zero gain, which directly matches the manifest's falsification condition rather than its support condition. Because this patch does not change the live serialized artifact, it should not get credit for metric movement on its own; the only useful outcome would have been a credible positive audit winner for a later real ablation, and it found none. On top of that, the recorded metric is worse than the best kept baseline at nearly the same size (pgolf_0014: 1.58718007 / 2.67988706 at 11300604 bytes; pgolf_0024: 1.58946790 / 2.68374997 at 11302754 bytes). That makes this neither an improvement nor a clearly worthwhile retained change, so it should be reverted.
